{
  "timestamp": "2025-09-22T18:25:26.119508",
  "model_name": "stegformer",
  "training_dataset": "celeba_hq",
  "inference_dataset": "ONOT",
  "experiment_name": "1_1_clamp_StegFormer-B_baseline",
  "fine_tuned_icao": false,
  "OFIQ_score": 0.0,
  "ICAO_compliance": false,
  "bpp": 1,
  "watermark_lenght": 65536,
  "accuracy": 0.9999761430044023,
  "accuracy_std": 4.252197722644738e-05,
  "psnr": 40.327274322509766,
  "psnr_std": 0.8870671987533569,
  "ssim": 0.9752323627471924,
  "ssim_std": 0.0025505810044705868,
  "accuracy_offline": 0.9999644775390625,
  "accuracy_offline_std": 8.096713197505586e-05,
  "psnr_offline": 40.02447686767578,
  "psnr_offline_std": 1.0669266182786585,
  "ssim_offline": 0.9746623969078064,
  "ssim_offline_std": 0.003154509683562521
}